feature,feature_family,candidate_category,total_candidate_score,dominant_direction,median_difference,direction_consistency,rank_biserial_effect_size,wilcoxon_p_value,global_bh_fdr_p_value,family_bh_fdr_p_value,bootstrap_ci_excludes_zero,lmm_agrees_with_paired_direction,lmm_global_bh_fdr_significant,percent_same_median_difference_sign_as_reference,loo_percent_same_median_difference_sign,retained_after_rho_090_filtering,rho_090_cluster_id,percent_missing,clinically_interpretable,known_artifact_or_rhythm_sensitive,interpretation_note
kurtosis,Time-domain statistics,Strict candidate,18,increased_during_HI,0.9924999999999996,0.75,0.5333333333333333,0.036233901977539,0.4330064047960739,0.3623390197753906,True,True,False,100.0,100.0,True,,0.0,True,False,meets strict scorecard criteria; good patient-level direction consistency; bootstrap CI excludes zero; LMM direction agrees with paired analysis
QRS_mean,Morphology / signal quality,Strict candidate,16,increased_during_HI,0.01035768875,0.6,0.5714285714285714,0.0239505767822265,0.4330064047960739,0.1197528839111328,False,True,True,100.0,100.0,True,,0.3968253968253968,True,True,meets strict scorecard criteria; limited patient-level direction consistency; LMM direction agrees with paired analysis; potentially rhythm/artifact sensitive
fuzzyEntropy,Entropy / complexity,Secondary candidate,16,decreased_during_HI,-0.0199999999999999,0.65,-0.4970760233918128,0.0639959686360788,0.4330064047960739,0.2492978964662329,False,True,True,80.0,100.0,True,rho_09_cluster_02,0.0,True,False,retained as secondary candidate; LMM direction agrees with paired analysis
fd_mean,FD-summary aggregates,Secondary candidate,15,decreased_during_HI,-0.3650000000000004,0.65,-0.4095238095238095,0.1139869689941406,0.4939435323079427,0.3419609069824219,False,True,True,100.0,100.0,True,,0.0,True,False,retained as secondary candidate; LMM direction agrees with paired analysis; highly derived aggregate feature
entropyProfiled_maximum_sampleEntropy,Entropy-profile aggregates,Secondary candidate,14,decreased_during_HI,-0.2550000000000001,0.65,-0.5672514619883041,0.0346699631509864,0.4330064047960739,0.2773597052078915,False,True,True,100.0,100.0,True,,0.0,False,False,retained as secondary candidate; LMM direction agrees with paired analysis; highly derived aggregate feature
fd_median,FD-summary aggregates,Secondary candidate,13,decreased_during_HI,-0.1624999999999999,0.65,-0.4380952380952381,0.0896949768066406,0.4528125500841984,0.3419609069824219,False,True,True,80.0,100.0,True,,0.0,True,False,retained as secondary candidate; LMM direction agrees with paired analysis; highly derived aggregate feature
katzFd,Fractal / nonlinear,Not prioritized,9,decreased_during_HI,-0.0524999999999997,0.6,-0.3421052631578947,0.1908721882461004,0.6203346117998263,0.7642383976586055,False,True,True,,,True,,0.0,False,False,not prioritized by scorecard; limited patient-level direction consistency; LMM direction agrees with paired analysis
numberOfZeroCrossing,Time-domain statistics,Not prioritized,9,decreased_during_HI,-53.75,0.6,-0.3047619047619048,0.2454872131347656,0.6687778465821089,0.8371133735540475,False,True,True,,,True,,0.0,False,False,not prioritized by scorecard; limited patient-level direction consistency; LMM direction agrees with paired analysis
maximum,Time-domain statistics,Not prioritized,9,decreased_during_HI,-0.0124999999999999,0.6,-0.3,0.2511340120662142,0.6687778465821089,0.8371133735540475,False,True,True,,,True,,0.0,False,False,not prioritized by scorecard; limited patient-level direction consistency; LMM direction agrees with paired analysis
entropyProfiled_standardDeviation_sampleEntropy,Entropy-profile aggregates,Not prioritized,9,decreased_during_HI,-0.015,0.55,-0.5047619047619047,0.0957872702101189,0.4528125500841984,0.3365066336124196,False,True,True,,,True,,0.0,False,False,not prioritized by scorecard; limited patient-level direction consistency; LMM direction agrees with paired analysis; highly derived aggregate feature
higuchiFd,Fractal / nonlinear,Not prioritized,9,decreased_during_HI,-0.0025,0.5,-0.3040935672514619,0.2572222486854265,0.6687778465821089,0.7642383976586055,False,True,True,,,True,,0.0,False,False,not prioritized by scorecard; limited patient-level direction consistency; LMM direction agrees with paired analysis
spectralEntropy,Spectral,Not prioritized,9,tied,-0.0500000000000002,0.5,-0.2428571428571428,0.3410214366810602,0.8060506685188696,0.3410214366810602,False,True,True,,,True,,0.0,True,False,not prioritized by scorecard; limited patient-level direction consistency; LMM direction agrees with paired analysis
HRV_MeanNN,HRV,Not prioritized,8,increased_during_HI,20.759493749999933,0.75,0.4952380952380952,0.0531692504882812,0.4330064047960739,0.1063385009765625,True,True,True,,,True,,0.07936507936507936,True,True,not prioritized by scorecard; good patient-level direction consistency; bootstrap CI excludes zero; LMM direction agrees with paired analysis; downgraded because HRV-valid subgroup does not strongly support signal; potentially rhythm/artifact sensitive
sampleEntropy,Entropy / complexity,Not prioritized,8,decreased_during_HI,-0.0349999999999999,0.65,-0.4842105263157895,0.0640685250312829,0.4330064047960739,0.2492978964662329,False,True,True,,,False,rho_09_cluster_02,0.0,True,False,not prioritized by scorecard; LMM direction agrees with paired analysis; removed by rho 0.90 redundancy filtering
entropyProfiled_total_sampleEntropy,Entropy-profile aggregates,Not prioritized,8,decreased_during_HI,-3.2475000000000023,0.55,-0.3809523809523809,0.1429061889648437,0.571624755859375,0.3365066336124196,False,True,True,,,True,,0.0,False,False,not prioritized by scorecard; limited patient-level direction consistency; LMM direction agrees with paired analysis; highly derived aggregate feature
signal_energy,Morphology / signal quality,Not prioritized,7,increased_during_HI,174.67302500000005,0.65,0.3428571428571428,0.1893482208251953,0.6203346117998263,0.4733705520629883,False,True,False,,,True,,0.07936507936507936,True,True,not prioritized by scorecard; LMM direction agrees with paired analysis; potentially rhythm/artifact sensitive
entropyProfiled_skewness_sampleEntropy,Entropy-profile aggregates,Not prioritized,7,increased_during_HI,0.2599999999999998,0.6,0.3047619047619048,0.2454872131347656,0.6687778465821089,0.392779541015625,False,True,False,,,True,rho_09_cluster_03,0.0,False,False,not prioritized by scorecard; limited patient-level direction consistency; LMM direction agrees with paired analysis; highly derived aggregate feature
R_amp_mean,Morphology / signal quality,Not prioritized,7,decreased_during_HI,-0.1883968202500001,0.6,-0.2666666666666666,0.3117942810058594,0.7720620291573661,0.5196571350097656,False,True,True,,,True,,0.07936507936507936,True,True,not prioritized by scorecard; limited patient-level direction consistency; LMM direction agrees with paired analysis; potentially rhythm/artifact sensitive
approximateEntropy,Entropy / complexity,Not prioritized,7,decreased_during_HI,-0.0324999999999999,0.55,-0.4502923976608187,0.0934867111748373,0.4528125500841984,0.2492978964662329,False,True,True,,,False,rho_09_cluster_02,0.0,True,False,not prioritized by scorecard; limited patient-level direction consistency; LMM direction agrees with paired analysis; removed by rho 0.90 redundancy filtering
R_amp_std,Morphology / signal quality,Not prioritized,7,decreased_during_HI,-0.052887883,0.55,-0.2095238095238095,0.4304332733154297,0.9077031086770774,0.5380415916442871,False,True,True,,,True,,0.07936507936507936,True,True,not prioritized by scorecard; limited patient-level direction consistency; LMM direction agrees with paired analysis; potentially rhythm/artifact sensitive
minimum,Time-domain statistics,Not prioritized,7,increased_during_HI,0.005,0.5,0.1105263157894736,0.6723162484711958,0.9626522350658362,0.9256271491017656,False,True,True,,,True,,0.0,False,False,not prioritized by scorecard; limited patient-level direction consistency; LMM direction agrees with paired analysis
fd_skewness,FD-summary aggregates,Not prioritized,7,tied,0.0225000000000001,0.5,0.0380952380952381,0.8983173370361328,0.9626522350658362,1.0,False,True,True,,,True,rho_09_cluster_04,0.0,False,False,not prioritized by scorecard; limited patient-level direction consistency; LMM direction agrees with paired analysis; highly derived aggregate feature
fd_minimum,FD-summary aggregates,Not prioritized,7,decreased_during_HI,0.0,0.35,-0.6666666666666666,0.0666163699686267,0.4330064047960739,0.3419609069824219,False,False,True,,,True,,0.0,False,False,not prioritized by scorecard; limited patient-level direction consistency; LMM direction does not support paired direction; highly derived aggregate feature
HRV_pNN50,HRV,Not prioritized,6,decreased_during_HI,-11.345795360000002,0.65,-0.5619047619047619,0.026641845703125,0.4330064047960739,0.1063385009765625,False,True,True,,,True,,0.07936507936507936,True,True,not prioritized by scorecard; LMM direction agrees with paired analysis; downgraded because HRV-valid subgroup does not strongly support signal; potentially rhythm/artifact sensitive
skewness,Time-domain statistics,Not prioritized,6,increased_during_HI,0.0424999999999999,0.55,-0.0761904761904762,0.7841262817382812,0.9626522350658362,0.9256271491017656,False,False,False,,,True,,0.0,True,False,not prioritized by scorecard; limited patient-level direction consistency; LMM direction does not support paired direction
singularValueDecompositionEntropy,Entropy / complexity,Not prioritized,6,tied,0.0,0.5,-0.1857142857142857,0.4663884458106656,0.9077031086770774,0.7616535887078874,False,False,True,,,True,rho_09_cluster_06,0.0,False,False,not prioritized by scorecard; limited patient-level direction consistency; LMM direction does not support paired direction
entropyProfiled_variance_sampleEntropy,Entropy-profile aggregates,Not prioritized,6,decreased_during_HI,0.0,0.4,-0.4909090909090909,0.1682533168062098,0.6203346117998263,0.3365066336124196,False,False,True,,,True,,0.0,False,False,not prioritized by scorecard; limited patient-level direction consistency; LMM direction does not support paired direction; highly derived aggregate feature
lempelZivComplexity,Entropy / complexity,Not prioritized,6,decreased_during_HI,0.0,0.3,-0.2424242424242424,0.4760334929424296,0.9077031086770774,0.7616535887078874,False,False,True,,,True,,0.0,False,False,not prioritized by scorecard; limited patient-level direction consistency; LMM direction does not support paired direction
hjorthComplexity,Fractal / nonlinear,Not prioritized,5,decreased_during_HI,-0.0474999999999999,0.6,-0.1578947368421052,0.5458845697561467,0.9313364892972296,0.7642383976586055,False,False,True,,,True,,0.0,False,False,not prioritized by scorecard; limited patient-level direction consistency; LMM direction does not support paired direction
fd_variance,FD-summary aggregates,Not prioritized,5,decreased_during_HI,-18.897500000000008,0.6,-0.0857142857142857,0.7561664581298828,0.9626522350658362,1.0,False,False,True,,,True,rho_09_cluster_05,0.0,False,False,not prioritized by scorecard; limited patient-level direction consistency; LMM direction does not support paired direction; highly derived aggregate feature
permutationEntropy,Entropy / complexity,Not prioritized,5,increased_during_HI,0.03,0.6,-0.0526315789473684,0.8405177356132087,0.9626522350658362,0.8405177356132087,False,False,True,,,True,,0.0,False,False,not prioritized by scorecard; limited patient-level direction consistency; LMM direction does not support paired direction
renyiEntropy,Entropy / complexity,Not prioritized,5,increased_during_HI,0.0549999999999997,0.55,0.1473684210526315,0.5731301472598336,0.9313364892972296,0.7641735296797781,False,False,False,,,True,,0.0,False,False,not prioritized by scorecard; limited patient-level direction consistency; LMM direction does not support paired direction
meanAbsoluteValue,Time-domain statistics,Not prioritized,5,decreased_during_HI,-0.0099999999999999,0.55,-0.0578947368421052,0.8243083271555138,0.9626522350658362,0.9256271491017656,False,False,False,,,True,,0.0,False,False,not prioritized by scorecard; limited patient-level direction consistency; LMM direction does not support paired direction
positiveToNegativeSampleRatio,Time-domain statistics,Not prioritized,5,tied,-0.005,0.5,0.0238095238095238,0.9256271491017656,0.9626522350658362,0.9256271491017656,False,True,False,,,True,,0.0,False,False,not prioritized by scorecard; limited patient-level direction consistency; LMM direction agrees with paired analysis
distributionEntropy,Entropy / complexity,Not prioritized,5,decreased_during_HI,0.0,0.45,-0.0808823529411764,0.7758498559997214,0.9626522350658362,0.8405177356132087,False,False,False,,,True,,0.0,False,False,not prioritized by scorecard; limited patient-level direction consistency; LMM direction does not support paired direction
detrendedFluctuation,Fractal / nonlinear,Not prioritized,5,decreased_during_HI,0.0,0.45,-0.0294117647058823,0.9176178742687192,0.9626522350658362,0.9176178742687192,False,False,False,,,True,,0.0,False,False,not prioritized by scorecard; limited patient-level direction consistency; LMM direction does not support paired direction
entropyProfiled_median_sampleEntropy,Entropy-profile aggregates,Not prioritized,5,increased_during_HI,0.0,0.35,0.2272727272727272,0.4973466588212234,0.9077031086770774,0.5683961815099696,False,False,True,,,True,,0.0,False,False,not prioritized by scorecard; limited patient-level direction consistency; LMM direction does not support paired direction; highly derived aggregate feature
median,Time-domain statistics,Not prioritized,5,decreased_during_HI,0.0,0.35,-0.1648351648351648,0.5961126657233238,0.9393290490185708,0.9256271491017656,False,False,False,,,True,,0.0,False,False,not prioritized by scorecard; limited patient-level direction consistency; LMM direction does not support paired direction
petrosianFd,Fractal / nonlinear,Not prioritized,5,tied,0.0,0.2,0.1111111111111111,0.763024600552995,0.9626522350658362,0.8901953673118276,False,False,False,,,True,,0.0,False,False,not prioritized by scorecard; limited patient-level direction consistency; LMM direction does not support paired direction
fd_maximum,FD-summary aggregates,Not prioritized,4,tied,-5.707499999999982,0.5,0.0476190476190476,0.8694877624511719,0.9626522350658362,1.0,False,False,True,,,True,,0.0,False,False,not prioritized by scorecard; limited patient-level direction consistency; LMM direction does not support paired direction; highly derived aggregate feature
QRS_std,Morphology / signal quality,Not prioritized,4,tied,-0.000865138,0.5,0.0380952380952381,0.8983173370361328,0.9626522350658362,0.8983173370361328,False,False,False,,,True,,0.3968253968253968,True,True,not prioritized by scorecard; limited patient-level direction consistency; LMM direction does not support paired direction; potentially rhythm/artifact sensitive
entropyProfiled_average_sampleEntropy,Entropy-profile aggregates,Not prioritized,4,tied,0.0,0.25,-0.1272727272727272,0.7202301969573564,0.9626522350658362,0.7202301969573564,False,False,True,,,True,,0.0,False,False,not prioritized by scorecard; limited patient-level direction consistency; LMM direction does not support paired direction; highly derived aggregate feature
fd_bandPower,FD-summary aggregates,Not prioritized,4,tied,0.0,0.0,,1.0,1.0,1.0,False,False,False,,,True,,0.0,False,False,not prioritized by scorecard; limited patient-level direction consistency; LMM direction does not support paired direction; highly derived aggregate feature
HRV_SDNN,HRV,Not prioritized,3,decreased_during_HI,-1.6762685174999987,0.55,-0.1523809523809524,0.5705966949462891,0.9313364892972296,0.6476554870605469,False,True,True,,,True,rho_09_cluster_01,0.07936507936507936,True,True,not prioritized by scorecard; limited patient-level direction consistency; LMM direction agrees with paired analysis; downgraded because HRV-valid subgroup does not strongly support signal; potentially rhythm/artifact sensitive
fd_kurtosis,FD-summary aggregates,Not prioritized,3,tied,1.035,0.5,0.019047619047619,0.956329345703125,0.9750809015012256,1.0,False,True,True,,,False,rho_09_cluster_04,0.0,False,False,not prioritized by scorecard; limited patient-level direction consistency; LMM direction agrees with paired analysis; removed by rho 0.90 redundancy filtering; highly derived aggregate feature
variance,Time-domain statistics,Not prioritized,3,decreased_during_HI,0.0,0.35,-0.0641025641025641,0.8442232365389633,0.9626522350658362,0.9256271491017656,False,False,False,,,False,rho_09_cluster_05,0.0,True,False,not prioritized by scorecard; limited patient-level direction consistency; LMM direction does not support paired direction; removed by rho 0.90 redundancy filtering
standardDeviation,Time-domain statistics,Not prioritized,3,tied,0.0,0.35,0.0476190476190476,0.8751691459232763,0.9626522350658362,0.9256271491017656,False,False,False,,,False,rho_09_cluster_05,0.0,True,False,not prioritized by scorecard; limited patient-level direction consistency; LMM direction does not support paired direction; removed by rho 0.90 redundancy filtering
entropyProfiled_kurtosis_sampleEntropy,Entropy-profile aggregates,Not prioritized,2,increased_during_HI,3.5999999999999943,0.55,0.2095238095238095,0.4304332733154297,0.9077031086770774,0.5683961815099696,False,True,False,,,False,rho_09_cluster_03,0.0,False,False,not prioritized by scorecard; limited patient-level direction consistency; LMM direction agrees with paired analysis; removed by rho 0.90 redundancy filtering; highly derived aggregate feature
hjorthMobility,Fractal / nonlinear,Not prioritized,2,increased_during_HI,0.005,0.5,-0.1736842105263158,0.5062190413776009,0.9077031086770774,0.7642383976586055,False,False,True,,,False,rho_09_cluster_06,0.0,False,False,not prioritized by scorecard; limited patient-level direction consistency; LMM direction does not support paired direction; removed by rho 0.90 redundancy filtering
fisherInfo,Fractal / nonlinear,Not prioritized,2,tied,0.0,0.45,-0.1812865497076023,0.4985342407499642,0.9077031086770774,0.7642383976586055,False,False,True,,,False,rho_09_cluster_06,0.0,False,False,not prioritized by scorecard; limited patient-level direction consistency; LMM direction does not support paired direction; removed by rho 0.90 redundancy filtering
fd_standardDeviation,FD-summary aggregates,Not prioritized,1,decreased_during_HI,-0.4800000000000004,0.6,-0.0666666666666666,0.8123550415039062,0.9626522350658362,1.0,False,False,False,,,False,rho_09_cluster_05,0.0,False,False,not prioritized by scorecard; limited patient-level direction consistency; LMM direction does not support paired direction; removed by rho 0.90 redundancy filtering; highly derived aggregate feature
HRV_RMSSD,HRV,Not prioritized,-3,tied,0.445869794999993,0.5,-0.1238095238095238,0.6476554870605469,0.9626522350658362,0.6476554870605469,False,False,True,,,False,rho_09_cluster_01,0.07936507936507936,True,True,not prioritized by scorecard; limited patient-level direction consistency; LMM direction does not support paired direction; downgraded because HRV-valid subgroup does not strongly support signal; removed by rho 0.90 redundancy filtering; potentially rhythm/artifact sensitive
